{
  "name": "toni",
  "hunger": 31.99858374595647,
  "energy": 77.0003540635107,
  "affection": 49.4000708127021,
  "health": 99.70003540635118,
  "boredom": 25.99929187297825,
  "days_together": 1,
  "last_interaction_time": 1784443651.0728278,
  "snacks": {
    "Strawberry": 3,
    "Cupcake": 1,
    "Carrot": 3,
    "Cookie": 2,
    "Rice Ball": 2,
    "Tea": 2
  },
  "accessories": [],
  "achievements": [],
  "memories": []
}