{
  "name": "toni",
  "hunger": 34.39746880531314,
  "energy": 76.40063279867151,
  "affection": 49.280126559734256,
  "health": 99.64006327986719,
  "boredom": 27.198734402656587,
  "days_together": 1,
  "last_interaction_time": 1784443651.0728278,
  "snacks": {
    "Strawberry": 3,
    "Cupcake": 1,
    "Carrot": 3,
    "Cookie": 2,
    "Rice Ball": 2,
    "Tea": 2
  },
  "accessories": [],
  "achievements": [],
  "memories": [],
  "coins": 0,
  "equipped_accessory": null
}